<?xml version="1.0" encoding="UTF-8"?>
<project-private xmlns="http://www.netbeans.org/ns/project-private/1">
    <editor-bookmarks xmlns="http://www.netbeans.org/ns/editor-bookmarks/2" lastBookmarkId="0"/>
    <open-files xmlns="http://www.netbeans.org/ns/projectui-open-files/2">
        <group>
            <file>file:/C:/Users/dreni/Documents/NetBeansProjects/E-Diari/src/BLL/DrejtoriRepository.java</file>
            <file>file:/C:/Users/dreni/Documents/NetBeansProjects/E-Diari/src/GUI/View/MainForm.java</file>
            <file>file:/C:/Users/dreni/Documents/NetBeansProjects/E-Diari/src/GUI/Model/NxenesiTableModel.java</file>
            <file>file:/C:/Users/dreni/Documents/NetBeansProjects/E-Diari/src/BLL/NxenesiInterface.java</file>
            <file>file:/C:/Users/dreni/Documents/NetBeansProjects/E-Diari/src/GUI/View/NxenesiForm.java</file>
            <file>file:/C:/Users/dreni/Documents/NetBeansProjects/E-Diari/src/BLL/NxenesiRepository.java</file>
            <file>file:/C:/Users/dreni/Documents/NetBeansProjects/E-Diari/src/BLL/EntMngClass.java</file>
            <file>file:/C:/Users/dreni/Documents/NetBeansProjects/E-Diari/src/META-INF/persistence.xml</file>
        </group>
    </open-files>
</project-private>
